Village,risque_moyen_2026,risque_max_2026,mois_pic_2026,Province,Détection tardive,Animal non attaché,Source d'eau contaminée,Infection non isolée
NAHAINA | NAHAINA | BONGOR,0.10786017893186874,0.4046920473766635,2026-04,MKE,0.05405405405405406,0.5135135135135135,0.21621621621621623,0.35135135135135137
FOUGADI | NAHAINA | BONGOR,0.03846497286067668,0.18279053689810632,2026-06,MKE,0.5,0.25,0.75,0.75
KOLONG 1 | KOLONG | GUENE,0.03581871028105698,0.22703051906748015,2026-04,MKE,0.09523809523809523,0.9047619047619048,0.23809523809523808,0.2857142857142857
MAIMANA | MAIMANA | DANAMADJI,0.030754131377990813,0.1454220684958212,2026-05,MC,0.10526315789473684,0.5263157894736842,0.3157894736842105,0.3157894736842105
KOLONG 2 | KOLONG | GUENE,0.026896488401341897,0.13677647436675391,2026-04,MKE,0.0,0.8235294117647058,0.11764705882352941,0.11764705882352941
HAM BOGOL | HAM | BONGOR,0.02533917615694385,0.10229256238212779,2026-06,MKE,0.0,0.6666666666666666,0.3333333333333333,0.3333333333333333
KOIN | NIELLIM | KORBOL,0.024541784589770046,0.102029402005249,2026-08,MC,0.07692307692307693,1.0,0.23076923076923078,0.23076923076923078
MOUROUP 1 | HAM | BONGOR,0.023620655160462814,0.073707804574531,2026-05,MKE,0.5,1.0,0.0,0.0
DABA ZERO | BALAMPOUTA | BONGOR,0.021815848943609887,0.12392557689717183,2026-04,MKE,0.2,0.8,0.0,0.1
GRAND-TOUGOUDE | NAHAINA | BONGOR,0.02168484079900637,0.08110161340284873,2026-05,MKE,0.42857142857142855,0.5714285714285714,0.14285714285714285,0.2857142857142857
KAOUTIL | KOLOBO | KOYOM,0.020001719188569897,0.09848385672573143,2026-05,MKE,0.0,1.0,0.3333333333333333,0.3333333333333333
MOUSSA | DJARWAYE | BONGOR,0.018970484542210304,0.08110022360838796,2026-05,MKE,0.16666666666666666,1.0,0.3333333333333333,0.3333333333333333
DJARWAYE | DJARWAYE | BONGOR,0.018866177313190565,0.039886686341498244,2026-06,MKE,0.08,0.32,0.08,0.16
PETIT TOUGOUDE | BALAMPOUTA | BONGOR,0.016701590021928916,0.03880467313077158,2026-06,MKE,0.14285714285714285,0.8095238095238095,0.09523809523809523,0.19047619047619047
MOUNA | NGUELENGOU | GUENE,0.016114555361275287,0.08993322344168489,2026-04,MKE,0.25,0.25,0.25,1.0
ZIGUI | DJARWAYE | BONGOR,0.015219943128424092,0.05112593990547304,2026-04,MKE,0.2,0.6,0.1,0.2
GUELENDENG | GUELENDENG 3 | GUELENDENG,0.014991163449069261,0.059369738399241936,2026-08,MKE,0.25,0.0,1.0,1.0
BONGOR SIEKE | BONGOR SIEKE | BONGOR,0.014419735601455803,0.04535173677462241,2026-05,MKE,0.0,0.75,0.25,0.25
KOLONG | KOLONG | FIANGA,0.011596208311071027,0.026439666405808197,2026-06,MKE,0.21428571428571427,0.8571428571428571,0.2857142857142857,0.35714285714285715
KOUMA | KOUMA | KOLON,0.010991136267111358,0.04865389520410745,2026-08,Tandjile,0.6666666666666666,1.0,0.3333333333333333,0.6666666666666666
GOTOBENDJA | KEMATA | SARH,0.010918990852628667,0.06936758347543504,2026-04,MC,0.14285714285714285,0.14285714285714285,0.2857142857142857,0.2857142857142857
BEBITA | KEMATA | SARH,0.010366764493601197,0.041272910775552035,2026-05,MC,0.0,0.5,0.1,0.2
GOUDI | KOLONG | GUENE,0.009803368371839524,0.03770942162387938,2026-05,MKE,0.0,1.0,0.0,0.0
DABA | BONGOR SIEKE | BONGOR,0.00895646757010359,0.01852825272464153,2026-05,MKE,0.0,1.0,0.0,0.0
ABENA | HAM | BONGOR,0.008666682143281437,0.019232896243311537,2026-05,MKE,0.6666666666666666,0.6666666666666666,0.6666666666666666,0.6666666666666666
GUELENDENG | GUELENDENG 2 | GUELENDENG,0.008665000380610435,0.023022495328883057,2026-08,MKE,0.07692307692307693,0.46153846153846156,0.07692307692307693,0.15384615384615385
MANKOME | MAYO 2 | BIOBE,0.008529126920237192,0.02387060408159329,2026-08,MC,0.3333333333333333,0.6666666666666666,0.0,0.3333333333333333
HAM PAUDY | HAM | BONGOR,0.007866742147448529,0.018006512486711524,2026-05,MKE,0.0,1.0,0.0,0.0
NDOKORO | BADARA | SARH,0.007699036119605422,0.012561729008137835,2026-05,MC,0.058823529411764705,0.6470588235294118,0.058823529411764705,0.11764705882352941
BALAMPOUTA | BALAMPOUTA | BONGOR,0.0073816744432751505,0.01672389953364768,2026-06,MKE,0.0,1.0,0.0,0.0
TOUTEL | BIANG | KOLON,0.007334168273838869,0.03246632563015972,2026-09,Tandjile,0.5,1.0,0.5,0.5
MADY GOUH | NGUELENGOU | GUENE,0.007237475787944721,0.01977303026823453,2026-06,MKE,0.0,1.0,0.0,0.0
HELIBONGO | KOKAGA | SARH,0.007168496486341043,0.015443890205188809,2026-09,MC,0.0,0.3333333333333333,0.16666666666666666,0.16666666666666666
ERE | ERE | KOYOM,0.006996376324007757,0.015058380053645699,2026-06,MKE,0.0,1.0,0.0,0.0
GOLON-HAPPA | HAM | BONGOR,0.006973210148554276,0.015609738922401752,2026-06,MKE,0.5,0.0,1.0,1.0
TCHOKORAYE 1 | DJARWAYE | BONGOR,0.0068978931905449535,0.01504873234899413,2026-06,MKE,0.0,1.0,0.0,0.0
KYABE | KYABE | KYABE,0.006874144654610122,0.010780508174627494,2026-07,MC,0.2,0.7,0.1,0.3
TCHENEPOUL | LANGAYE | GAM,0.0068480070152149505,0.01511537069455752,2026-05,MKE,1.0,1.0,1.0,1.0
LAKKA | DJARWAYE | BONGOR,0.006842116265368799,0.018552348995022363,2026-06,MKE,0.0,1.0,0.0,0.0
NGAMDI | YAMLHOKA | GUENE,0.006842116265368799,0.018552348995022363,2026-06,MKE,0.0,1.0,0.0,0.0
HIRLIYANA | NAHAINA | BONGOR,0.006800304737793184,0.015742041421483256,2026-06,MKE,0.0,1.0,0.0,0.0
GOLOM 1 | DJARWAYE | BONGOR,0.006746509785008685,0.015058380053645699,2026-06,MKE,0.0,1.0,1.0,1.0
TENA BOYNA | DJARWAYE | BONGOR,0.006746509785008685,0.015058380053645699,2026-06,MKE,0.0,0.0,1.0,1.0
GRAND TOUGOUDE | BALAMPOUTA | BONGOR,0.006667612542624019,0.018107195770244073,2026-06,MKE,0.0,1.0,0.0,1.0
GUELENDE 3 | HAM | BONGOR,0.006579627636507174,0.015186081526139697,2026-06,MKE,0.0,1.0,0.0,0.0
KOLOBO | KOLOBO | BONGOR,0.006579627636507174,0.015186081526139697,2026-06,MKE,0.0,1.0,0.0,0.0
MARABE 2 | MARABE | KYABE,0.006502957264156363,0.00923289996376551,2026-07,MC,0.18181818181818182,0.36363636363636365,0.18181818181818182,0.18181818181818182
TAGUIMBI | DJOBADA | KYABE,0.006174398747922007,0.009161920511068488,2026-05,MC,0.2222222222222222,0.5555555555555556,0.1111111111111111,0.3333333333333333
MOUROUP 2 | HAM | BONGOR,0.006153384900471588,0.013078796361034815,2026-05,MKE,0.0,0.0,0.0,1.0
KASSAI | KASSAI | SARH,0.006080144038591146,0.009141480550639703,2026-07,MC,0.2,0.4,0.5,0.5
GOUDOUM GOUDOUM | KELENGUE | BAILLI,0.006028417986681116,0.013831446114743726,2026-05,CB,0.2222222222222222,0.7222222222222222,0.1111111111111111,0.1111111111111111
MBILI | KOLONG | GUENE,0.005959866851854247,0.012430989418655728,2026-05,MKE,0.5,1.0,0.5,0.5
DANKOLO | BAMBARA | DANAMADJI,0.005867853407428,0.007453071697710632,2026-07,MC,0.16666666666666666,0.6666666666666666,0.16666666666666666,0.16666666666666666
KISSINGA | KOKAGA | SARH,0.005826966095395305,0.00985517131390602,2026-07,MC,0.0,0.5,0.3333333333333333,0.3333333333333333
GANGA | NGUELENGOU | GUENE,0.005639035352922488,0.012140893525675461,2026-06,MKE,0.0,1.0,1.0,1.0
MAYA | TENA BOYNA | BONGOR,0.00560386218412282,0.011263747374212204,2026-06,MKE,0.0,1.0,0.0,0.0
BODOBO 1 | MARABE | KYABE,0.005581473672968708,0.011680679470925121,2026-06,MC,0.0,1.0,0.0,0.0
KABA FOULBE | DARADJA | BAILLI,0.005581473672968708,0.011680679470925121,2026-06,CB,0.0,1.0,0.0,0.0
NGUELENGOU | NGUELENGOU | FIANGA,0.005581473672968708,0.011680679470925121,2026-06,MKE,0.0,1.0,0.0,0.0
KAKALE GAMA | GUELENDENG 3 | GUELENDENG,0.005581473672968708,0.011680679470925121,2026-06,MKE,0.0,1.0,0.0,0.0
MEDEGUE | GUELENDENG 1 | GUELENDENG,0.00555993483626241,0.009517224881750693,2026-06,MKE,0.3,0.5,0.0,0.1
DOMBALA | GABRI-NGOLO | LAI,0.005523256307530152,0.011954539046600864,2026-07,Tandjile,0.2,0.5,0.3,0.65
NGAKEDJE | BALIMBA | BALIMBA,0.005490539992532539,0.00896631007718559,2026-07,MC,0.0,0.125,0.0,0.0
NAHAINA2 | NAHAINA | BONGOR,0.005489025628740187,0.011263747374212204,2026-06,MKE,0.0,0.0,0.0,1.0
MOUK | DJARWAYE | BONGOR,0.005489025628740187,0.011263747374212204,2026-06,MKE,1.0,0.0,1.0,1.0
GOUFFOU 2 | GOUFFOU 2 | GUENE,0.005488690059854674,0.01171011868399733,2026-06,MKE,0.0,0.5,0.0,0.0
MARABODOKOUYA 1 | MARABE | KYABE,0.0054886831866136215,0.011808243877860865,2026-07,MC,0.2,0.6,0.6,0.6
KAOURANG VIRI | KAOURANG VIRI | GUENE,0.00545574534044051,0.011570264538352887,2026-05,MKE,0.0,1.0,1.0,1.0
MALLAH | BANDA | SARH,0.005436657037417844,0.00828920533952518,2026-05,MC,0.1,0.4,0.0,0.1
KEBLE YODE | NERGUE GAM | BERE,0.005372284707918419,0.016621442020200973,2026-08,Tandjile,0.0,1.0,0.5,0.5
MECONTIE | ONOKO | MASSENYA,0.005176726138384565,0.009321784849717865,2026-07,CB,0.1,0.65,0.05,0.2
MOURAI SARA | MOURAI SARA | BAILLI,0.0051572868031296805,0.008281828579718225,2026-06,CB,0.15384615384615385,0.3076923076923077,0.23076923076923078,0.38461538461538464
DJENGDRA 2 | TAMIO | BERE,0.005155118731090775,0.014162075908277238,2026-07,Tandjile,0.1,0.6,0.0,0.1
MECONTIE | MECONTIE | MASSENYA,0.005138512828195199,0.008710257533028405,2026-06,CB,0.09090909090909091,0.7272727272727273,0.09090909090909091,0.18181818181818182
MASSAMBAGNE 1 | MASSAMBAGNE | HARAZE,0.005094407077233945,0.006692930373518657,2026-07,SLM,0.0,0.75,0.25,0.25
YAMLHOKA 3 | YAMLHOKA | GUENE,0.0050760536222391305,0.010017331221992627,2026-06,MKE,0.0,1.0,0.0,0.0
KAMATI | KAMATI-MAROC | SARH,0.005029989175092558,0.007477218039649712,2026-07,MC,0.0,0.5,0.0,0.0
NDOBE | DAHA | HARAZE,0.004988020926236038,0.006998392287352174,2026-07,SLM,0.0,0.5,0.5,1.0
MASSA KABA | MASSA KABA | KYABE,0.0049870442187114885,0.007093406936129182,2026-07,MC,0.2,0.4,0.2,0.2
NDAKA | MAYO 2 | BIOBE,0.004986404115926076,0.007705811506918824,2026-07,MC,0.0,0.5,0.0,0.0
YAMLHOKA 4 | YAMLHOKA | GUENE,0.004978333920195842,0.010017331221992627,2026-06,MKE,0.0,1.0,0.0,0.0
KIDJOKADJI | MAYO 1 | BIOBE,0.0049691735057565,0.008511242047631401,2026-08,MC,0.5,0.75,0.5,0.5
NGARA | BAILLI 1 | BAILLI,0.004928985993902068,0.012241733695736714,2026-06,CB,0.2857142857142857,0.7142857142857143,0.5714285714285714,0.5714285714285714
DANGALA KANYA | MARABE | KYABE,0.004922424814682846,0.0067947232563098986,2026-05,MC,0.0,0.3333333333333333,0.5,0.5
KAGSSE | KEMATA | SARH,0.004895239551235392,0.008314478017901005,2026-09,MC,0.0,0.6666666666666666,0.3333333333333333,0.3333333333333333
BONGORO | MARABE | KYABE,0.004879471866775645,0.006547282108157302,2026-05,MC,0.0,0.5,0.0,0.0
KEMANGA | DJOBADA | KYABE,0.004857380165124308,0.006328071684247663,2026-07,MC,0.3333333333333333,0.6666666666666666,0.3333333333333333,0.3333333333333333
BOYAMA | BOYAMA | KYABE,0.00484713280140634,0.006678960219628377,2026-07,MC,0.0,0.0,0.0,0.0
ZITTA | GOUFFOU 2 | GUENE,0.004829949702996764,0.009621176111598233,2026-06,MKE,0.0,1.0,0.0,0.0
YAMLHOKA 2 | YAMLHOKA | GUENE,0.004810622100631499,0.009504214118393793,2026-06,MKE,0.0,0.0,0.0,0.0
GARAMBOU | MAYO 2 | BIOBE,0.004807973249461364,0.006590958538552974,2026-07,MC,0.6,0.8,0.2,0.4
YAMLHOKA 1 | YAMLHOKA | GUENE,0.004770107684147404,0.009067527691922803,2026-06,MKE,0.0,0.0,1.0,1.0
FOURE KOUTOU | MAYO 2 | BIOBE,0.004733871271837221,0.007602865905184201,2026-07,MC,0.0,0.5,0.0,0.0
KAMANGA 2 | MARABE | KYABE,0.004689342901019376,0.006328071684247663,2026-07,MC,0.0,0.42857142857142855,0.0,0.0
WADJIKA | MAYO 2 | BIOBE,0.004674406997342439,0.006590958538552974,2026-07,MC,0.0,0.6666666666666666,0.0,0.0
HAM CENTRE | HAM | BONGOR,0.004658397017846708,0.006895250155141163,2026-06,MKE,0.25,0.5,0.5,0.5
KAMANGA 1 | MARABE | KYABE,0.004648233351050571,0.006419080963576177,2026-05,MC,0.0,0.0,0.0,0.3333333333333333
GATABOLO | MAYO 1 | BIOBE,0.004646309152813115,0.006715482847323342,2026-06,MC,0.0,0.7142857142857143,0.0,0.14285714285714285
LAI DJOM | LAI | LAI,0.004601617037068506,0.007332214993404813,2026-07,Tandjile,0.0,1.0,0.0,0.0
ABBA LIMANE MOUSGOUM | ABBA LIMANE | GUELENDENG,0.004601617037068506,0.007332214993404813,2026-07,MKE,0.0,1.0,0.0,1.0
MERE 2 | GRINGA | KOLON,0.004601617037068506,0.007332214993404813,2026-07,Tandjile,0.0,1.0,0.0,0.0
GOHO | MASSA KABA | KYABE,0.004586096060572063,0.006279282050050221,2026-05,MC,0.0,0.6666666666666666,0.0,0.0
HOUAL | NIELLIM | KORBOL,0.0045816583817788565,0.007123183518720949,2026-07,MC,0.0,0.6666666666666666,0.3333333333333333,0.3333333333333333
BRAMANGA | MASSA KABA | KYABE,0.00458139689271612,0.006089340208929464,2026-07,MC,0.0,0.6666666666666666,0.0,0.3333333333333333
KOMBOL | MASSAMBAGNE | HARAZE,0.004518012639175068,0.0065696166658555525,2026-07,SLM,0.0,1.0,0.5,0.5
KOUSSERI | MARABE | KYABE,0.004497672082120983,0.006089340208929464,2026-07,MC,0.0,1.0,0.0,0.0
KABRE-MBASSA | LAI | LAI,0.004481824785126461,0.008054009521270488,2026-07,Tandjile,0.0,0.125,0.0,0.0
BODOBO 2 | MARABE | KYABE,0.004455394807197478,0.006788153795634548,2026-07,MC,0.0,0.5,0.5,0.5
MORGAGUE | MOGROM | GUELENDENG,0.00445123564896096,0.008075886904054405,2026-06,MKE,0.125,0.125,0.0,0.25
TEBLE | NIELLIM | KORBOL,0.004441404142991671,0.010962233218736852,2026-08,MC,0.0,0.5,0.0,0.0
KOUNDOUL-MADRASSA | KOUNDOUL | MANDELIA,0.004436663975759503,0.00773236507642362,2026-08,CB,0.0,0.6666666666666666,0.6666666666666666,0.6666666666666666
KAIKATA | BOYAMA | KYABE,0.0044246507101510695,0.006335513097343735,2026-07,MC,0.0,0.0,0.0,1.0
OBO | MAYO 2 | BIOBE,0.0043901041574387735,0.0063989176946087425,2026-07,MC,0.5,0.75,0.25,0.25
KIKOYE | MAYO 1 | BIOBE,0.0043901041574387735,0.0063989176946087425,2026-07,MC,0.16666666666666666,0.8333333333333334,0.5,0.5
KOBKOUALE-YANG | TAMIO | BERE,0.004389873384789387,0.009386544114323868,2026-08,Tandjile,0.0,0.1,0.0,0.0
TAMIO | TAMIO | BERE,0.004389873384789387,0.009386544114323868,2026-08,Tandjile,0.25,0.16666666666666666,0.0,0.08333333333333333
KOUNDOUL TOUPOURI | KOUNDOUL | MANDELIA,0.004387556714997625,0.006196152509724278,2026-05,CB,0.0,1.0,0.0,0.0
MAGRAO | GUELENDENG 1 | GUELENDENG,0.004379608461021738,0.010511545244563488,2026-08,MKE,0.3333333333333333,0.0,0.3333333333333333,0.3333333333333333
MOSSIARA | KEMDERE | SARH,0.004375887141458655,0.0077280070116210785,2026-07,MC,0.3333333333333333,0.3333333333333333,0.6666666666666666,0.6666666666666666
DAHA | DAHA | HARAZE,0.004373497523753813,0.00603799452163001,2026-12,SLM,0.5,1.0,0.5,0.5
YABAKAGA | KEMATA | SARH,0.00435829101993245,0.006359854052452935,2026-07,MC,0.0,0.6666666666666666,0.16666666666666666,0.16666666666666666
PRAH | NIELLIM | KORBOL,0.004356835824783654,0.01052486712320023,2026-08,MC,0.0,0.0,1.0,1.0
BONGOR | BONGOR URBAIN 3 | BONGOR,0.004355815919656004,0.00928013787029491,2026-08,MKE,1.0,0.0,1.0,1.0
TAMIO MBASSA | TAMIO | BERE,0.004336621229493561,0.00925321082994848,2026-08,Tandjile,0.1,0.2,0.1,0.2
TAMANDI | MASSA KABA | KYABE,0.004325063169980833,0.006546314129540563,2026-07,MC,0.0,0.0,0.0,0.0
MARABODOKOUYA 2 | MARABE | KYABE,0.004312384175781226,0.006081950839713974,2026-04,MC,0.0,1.0,0.0,0.0
DANGABOL | MARABE | KYABE,0.0043058687403590935,0.0060186411247643,2026-07,MC,0.0,0.0,0.0,0.0
NGANGOLI TOUNIA | KOKAGA | SARH,0.004301700439311285,0.006687833424151386,2026-07,MC,0.0,0.25,0.0,0.0
KALME | KALME | BERE,0.004289302305675594,0.009386544114323868,2026-08,Tandjile,0.6666666666666666,0.25,0.16666666666666666,0.16666666666666666
DIBATIME | KOKAGA | SARH,0.004281803889111572,0.007167447808735788,2026-07,MC,0.0,0.3333333333333333,0.0,0.16666666666666666
BERE | BERE PUBLIC | BERE,0.004271198091066985,0.010817559395897057,2026-09,Tandjile,0.25,0.25,0.75,1.0
GABRI-NGOLO | GABRI-NGOLO | LAI,0.00426468350269405,0.006712214376690304,2026-07,Tandjile,0.5,0.5,0.25,0.5
GAMA-MASSA | MOULKOU | MOULKOU,0.004249667169869229,0.00634051383224301,2026-07,MKE,0.0,1.0,0.0,1.0
GROUI | KYABE | KYABE,0.004244922279780652,0.006281317811745366,2026-07,MC,0.0,0.0,0.0,0.0
GUELENDENG | GUELENDENG 1 | GUELENDENG,0.0042414755644193955,0.006845366877462097,2026-06,MKE,0.0,1.0,0.0,0.0
MARAKOUYA 1 | MARABE | KYABE,0.0042408452673118775,0.005984063019449458,2026-07,MC,0.25,0.25,0.25,0.25
GARWAYE | GUELENDENG 1 | GUELENDENG,0.004230139516980921,0.007095066164145263,2026-06,MKE,0.2,0.2,0.2,0.2
KOTBIRI | MAIBO | SARH,0.0042292266770611675,0.005679577537989612,2026-05,MC,0.0,0.25,0.5,0.5
LAI AVION | LAI | LAI,0.00422833037855535,0.011758672443480635,2026-07,Tandjile,0.5,0.0,0.5,1.0
SANDANA 1 | KEMATA | SARH,0.00422164719235173,0.005718379369795765,2026-07,MC,0.0,0.0,0.0,0.0
NANGNDA 1 | KOKAGA | SARH,0.004203225564027124,0.0064133197592735796,2026-07,MC,0.0,0.4,0.4,0.6
HAKA | KYABE | KYABE,0.004186444904761439,0.0062407122907568325,2026-07,MC,0.0,0.0,1.0,1.0
MOUSSAMERE | BADARA | SARH,0.004176623289887942,0.005984063019449458,2026-07,MC,0.0,0.6666666666666666,0.3333333333333333,0.3333333333333333
KOUNO VILLE | KOUNO | KOUNO,0.004176623289887942,0.005984063019449458,2026-07,CB,0.0,0.3333333333333333,0.0,0.0
GOGA | TCHAOUEN | BENOYE,0.004175117502001471,0.006051814605124909,2026-07,LOC,0.0,0.5,0.0,0.0
TABA 2 | LAI | LAI,0.004174706482415881,0.010798486216411374,2026-07,Tandjile,0.0,0.3333333333333333,0.0,0.6666666666666666
KOIKIRMA | ONOKO | MASSENYA,0.004174132227295424,0.005636854866512235,2026-07,CB,0.0,1.0,0.0,0.0
TANDA | KEMATA | SARH,0.004163112263028968,0.006074327997268374,2026-07,MC,0.5,0.75,0.5,0.5
KOUTOU MBO | TCHAOUEN | BENOYE,0.004132737958968693,0.0067899776642573505,2026-07,LOC,0.0,0.75,0.125,0.25
NDIRMIGNE | MARKABA | HARAZE,0.004120538499073977,0.007295348080812182,2026-08,SLM,0.5,0.5,0.0,0.0
BALAGNERE | ONOKO | MASSENYA,0.0041169663472935625,0.00634051383224301,2026-07,CB,0.0,1.0,1.0,1.0
KAMANMADA | MAYO 2 | BIOBE,0.0041169663472935625,0.00634051383224301,2026-07,MC,0.0,0.0,1.0,1.0
NGADJI | BIOBE | BIOBE,0.0041169663472935625,0.00634051383224301,2026-07,MC,0.0,0.0,0.0,0.0
BIGUINAO | SANANG | GUELENDENG,0.0041169663472935625,0.00634051383224301,2026-07,MKE,0.0,1.0,0.0,0.0
MAINGARA 1 | MAINGARA | SARH,0.004102904649389714,0.005787221163294633,2026-07,MC,0.0,0.0,1.0,1.0
RIDINA | MAYO 2 | BIOBE,0.004097216848588688,0.005984063019449458,2026-07,MC,0.0,0.3333333333333333,0.0,0.0
NOUNGOU | LAI | LAI,0.004076235413389879,0.007425400002537821,2026-07,Tandjile,0.16666666666666666,0.8333333333333334,0.16666666666666666,0.5
MADJYAM | MARABE | KYABE,0.004075535381860296,0.005636854866512235,2026-07,MC,0.0,0.0,0.0,0.0
BOGOMORO | BOGOMORO | BAILLI,0.004075535381860296,0.005636854866512235,2026-07,CB,0.0,1.0,0.0,0.0
BOUDANASSA FOULBE | BERE | GUELENDENG,0.004075535381860296,0.005636854866512235,2026-07,MKE,0.0,1.0,0.0,0.0
NDINAKABA | MAIBO | SARH,0.0040748171129071096,0.006855842388963678,2026-06,MC,0.0,0.5,0.0,0.0
MACHTOURAYE | DAHA | HARAZE,0.0040700899231727065,0.005565344591156358,2026-01,SLM,0.5,0.0,0.0,0.5
BAMBARA | BAMBARA | DANAMADJI,0.004050880650974639,0.005679577537989612,2026-05,MC,0.2,0.0,0.0,0.2
GONGO 2 | MAIBO | SARH,0.004050880650974639,0.005679577537989612,2026-05,MC,0.16666666666666666,0.3333333333333333,0.0,0.0
MAILAOU | KEMKIAN | SARH,0.004029250896201602,0.006074497291102263,2026-07,MC,0.0,0.25,0.5,0.5
GUELKEB | TAMIO | BERE,0.004021449820547611,0.005896191859108268,2026-07,Tandjile,0.0,0.5,0.0,0.0
MARABE 1 | MARABE | KYABE,0.0040145132080113355,0.0055053495091532565,2026-07,MC,0.0,0.0,0.0,0.0
GENTIL | KOKAGA | SARH,0.0039960244296786615,0.006321950781101689,2026-07,MC,0.0,0.6666666666666666,0.0,0.0
MATA | MANDA | BALIMBA,0.0039960244296786615,0.006321950781101689,2026-07,MC,0.0,0.3333333333333333,0.3333333333333333,0.3333333333333333
MANDIKAGA | BALIMBA | BALIMBA,0.0039960244296786615,0.006321950781101689,2026-07,MC,0.0,0.3333333333333333,0.3333333333333333,0.3333333333333333
KOLBEYA | MASSA KABA | KYABE,0.003983075746797082,0.0055053495091532565,2026-07,MC,0.0,1.0,0.0,0.0
KOUROU | MASSA KABA | KYABE,0.003972741093422913,0.005391577531915314,2026-07,MC,0.0,0.0,0.0,0.0
DOUAH | TCHAOUEN | BENOYE,0.00396919076061051,0.006190320788513791,2026-07,LOC,0.0,0.75,0.0,0.25
GOUDOUM GOUDOUM MASSA | KELENGUE | BAILLI,0.003960951679789844,0.0062249822777409106,2026-07,CB,0.0,1.0,0.0,0.0
MAIKOLO 1 | MAIBO | SARH,0.003958932301594269,0.006040531813992986,2026-07,MC,1.0,0.0,1.0,1.0
AL-ARDEP | AL-ARDEP | ABOUDEIA,0.003950528063003361,0.006632002193736608,2026-07,SLM,0.0,1.0,0.0,0.0
KEMKIAN | KEMKIAN | SARH,0.003950528063003361,0.006632002193736608,2026-07,MC,0.0,1.0,0.0,0.0
KEMDERE | KEMDERE | SARH,0.003950528063003361,0.006632002193736608,2026-07,MC,0.0,1.0,0.0,1.0
NAOUNE | MANGUEIGNE | HARAZE,0.003950528063003361,0.006632002193736608,2026-07,SLM,0.0,1.0,0.0,1.0
KELENGUE | LARGANA | GUELENDENG,0.0039317025832646514,0.00588514236478002,2026-07,MKE,0.16666666666666666,0.5,0.16666666666666666,0.3333333333333333
TEIMA | TCHAOUEN | BENOYE,0.003916664514775961,0.00588514236478002,2026-07,LOC,0.25,0.75,0.5,0.5
FERME VILLAGE | MAIMANA | DANAMADJI,0.003916408714052781,0.005340441030217396,2026-07,MC,0.5,0.5,1.0,1.0
BOUROU | DAHA | HARAZE,0.003910431918071904,0.005366742463907535,2026-01,SLM,0.0,0.0,0.0,1.0
KAIMANE-MBA | BAMBARA | DANAMADJI,0.003907147831402767,0.0053530397392657,2026-07,MC,0.2857142857142857,0.14285714285714285,0.0,0.2857142857142857
KOLONGASSARA | DAHA | HARAZE,0.0039015472451238583,0.00572784016681064,2026-07,SLM,0.0,0.5,0.0,0.5
SOKORE | MAYO 1 | BIOBE,0.003900658110763363,0.005391577531915314,2026-07,MC,0.0,1.0,0.0,0.0
GUELDOUA | TCHAOUEN | BENOYE,0.003900658110763363,0.005391577531915314,2026-07,LOC,0.0,1.0,0.0,0.0
BOUSSA | BOUSSA | KYABE,0.0039003339533288657,0.005366742463907535,2026-01,MC,0.0,1.0,0.0,0.0
OROL | SILIA | GAM,0.0038929690446768803,0.007342066378996015,2026-08,MKE,0.0,1.0,0.0,0.0
BERE BERE | MOURAI SARA | BAILLI,0.003889258157240033,0.005650059063539744,2026-06,CB,0.25,0.75,0.25,0.5
GUELSAOU 1 | TCHAOUEN | BENOYE,0.0038394251188253892,0.005985139349082161,2026-07,LOC,0.0,0.8333333333333334,0.3333333333333333,0.3333333333333333
NGONDEI CENTRE | NGONDEI | KYABE,0.0038234512681968227,0.0051991919069612124,2026-07,MC,0.0,1.0,0.0,0.0
KEUBEU | GABRI-NGOLO | LAI,0.0038198748287832616,0.009903469580321555,2026-07,Tandjile,0.0,0.0,1.0,1.0
KOTONGORO 2 | KEMATA | SARH,0.0038191822914122177,0.0060488788565757285,2026-07,MC,0.5,0.0,0.5,0.5
DARASSALAM 2 | MANGUEIGNE | HARAZE,0.0038191822914122177,0.0060488788565757285,2026-07,SLM,0.5,1.0,0.0,0.0
MBAIGORO | KOKAGA | SARH,0.0038151767033433905,0.005798439464615703,2026-07,MC,0.0,1.0,0.0,0.0
DJANGARA | DAHA | HARAZE,0.0038135068991501536,0.005180310028537411,2026-07,SLM,0.0,0.5,0.0,0.0
BOROMADA 1 | BANDA | SARH,0.0038047598772627113,0.006011376623887894,2026-07,MC,0.0,0.5,0.5,0.5
15ANS | 15ANS | SARH,0.0037978949677188244,0.009478322481953,2026-07,MC,0.5,0.5,0.5,0.5
BADI | BANDA QUARTIER | SARH,0.003795656050261887,0.005591528780805773,2026-07,MC,0.5,0.5,0.5,0.5
NDOUBARI | MICHETIR | HARAZE,0.003795656050261887,0.005591528780805773,2026-07,SLM,0.0,1.0,0.0,0.0
GODILA 1 | MAIMANA | DANAMADJI,0.003795656050261887,0.005591528780805773,2026-07,MC,0.0,1.0,0.0,0.0
MOUDJIRO | BANDA | SARH,0.0037929230049935877,0.00959532629736515,2026-07,MC,0.0,0.3333333333333333,0.0,0.0
TABRANGA | SOUDIO | MOULKOU,0.0037860728218174536,0.005591528780805773,2026-07,MKE,0.5,1.0,0.5,0.5
GASSE | ONOKO | MASSENYA,0.0037860728218174536,0.005591528780805773,2026-07,CB,0.0,1.0,0.0,0.0
GOLE NANGUIGOTO | NANGUIGOTO | GUELENDENG,0.0037860728218174536,0.005591528780805773,2026-07,MKE,0.0,0.5,0.0,0.0
HAMAKARA | GABRI-NGOLO | LAI,0.003783423977574231,0.005985139349082161,2026-07,Tandjile,0.42857142857142855,0.7142857142857143,0.14285714285714285,0.14285714285714285
MOLGUIDI | KOKAGA | SARH,0.003747772176862452,0.006480736701067165,2026-07,MC,0.0,1.0,0.0,0.0
KEMRIMBE | BANDA | SARH,0.003737289973903853,0.005591528780805773,2026-07,MC,0.5,0.5,0.5,0.5
MOGROM CENTRE | MOGROM | GUELENDENG,0.0037342851638293164,0.005591528780805773,2026-07,MKE,0.0,0.5,0.0,0.0
MOURAI HOUSSA | KELENGUE | BAILLI,0.0037342851638293164,0.005591528780805773,2026-07,CB,0.0,0.5,0.0,0.0
KOLKIGNA | DAHA | HARAZE,0.0037342851638293164,0.005591528780805773,2026-07,SLM,0.0,1.0,0.0,0.0
YADAWA | GUELENDENG 2 | GUELENDENG,0.0037231649690276573,0.005968870882099917,2026-06,MKE,0.5,0.0,0.0,0.0
MAINGARA 2 | MAINGARA | SARH,0.003711471841440631,0.006304993366516042,2026-07,MC,0.0,0.8,0.2,0.2
MAYO 2 | MANDA | BALIMBA,0.0037075095463342186,0.005015032375909811,2026-07,MC,0.16666666666666666,0.3333333333333333,0.16666666666666666,0.5
BAILLI 1 | BAILLI 1 | BAILLI,0.0037053539176811197,0.005650059063539744,2026-06,CB,0.5,1.0,0.5,0.75
BALE SINGAKO | MAYO 1 | BIOBE,0.003696972301720192,0.006190320788513791,2026-07,MC,0.0,1.0,0.3333333333333333,0.6666666666666666
DOUGMAYO | LAI | LAI,0.0036933422914729483,0.005979334091827586,2026-07,Tandjile,0.0,0.5,0.0,0.0
NGANGA | KOUNO | KOUNO,0.0036861271841211866,0.005392089495375057,2026-07,CB,1.0,0.0,1.0,1.0
MOURAI | NIELLIM | KORBOL,0.0036861271841211866,0.005392089495375057,2026-07,MC,1.0,0.0,1.0,1.0
WAITAN | NIELLIM | KORBOL,0.0036861271841211866,0.005392089495375057,2026-07,MC,0.0,0.0,0.0,1.0
TARANGARA | BAMBARA | DANAMADJI,0.0036858315585005055,0.004772341170548791,2026-07,MC,0.0,0.16666666666666666,0.0,0.0
DJINGDRA 2 | TCHAOUEN | BENOYE,0.0036830768619221595,0.005672007382999574,2026-07,LOC,0.0,1.0,0.0,0.0
YANGA | KOUYAKO | KYABE,0.0036830768619221595,0.005672007382999574,2026-07,MC,0.0,1.0,0.0,0.0
MIABESSE | DAHA | HARAZE,0.0036800244524641695,0.005525583796345912,2026-07,SLM,0.0,0.0,0.0,1.0
MOULFONG 2 | GUELENDENG 2 | GUELENDENG,0.003670997269862431,0.010278760671055058,2026-06,MKE,1.0,0.0,1.0,1.0
NDOUMABE | KOKAGA | SARH,0.0036540552435526167,0.006012817710934313,2026-07,MC,0.0,1.0,0.0,0.0
GOUSSOU | BERE | GUELENDENG,0.0036504620720523837,0.0059877281494285315,2026-06,MKE,0.2,0.0,0.2,0.4
KABALAYE | MOGO 1 | BOUSSO,0.0036495517623243447,0.0056651854313478816,2026-07,CB,0.0,1.0,0.0,0.0
DARADJA | DARADJA | BAILLI,0.0036495517623243447,0.0056651854313478816,2026-07,CB,1.0,1.0,0.0,0.0
KIMANDAKO | MAYO 2 | BIOBE,0.0036495517623243447,0.0056651854313478816,2026-07,MC,0.0,1.0,0.0,0.0
DOUBADANA | MAIMANA | DANAMADJI,0.0036470835807795826,0.006116287032662456,2026-06,MC,0.0,1.0,0.16666666666666666,0.16666666666666666
MANDA | MANDA | BALIMBA,0.0036314856193040246,0.005610956093452591,2026-07,MC,0.5,0.0,0.0,0.0
KANA GASSANG | MILTOU | KOUNO,0.003627211249945688,0.005392089495375057,2026-07,CB,0.0,0.0,0.0,0.0
PARIS SAKOULA | MOUSSAFOYO | DANAMADJI,0.003624528525044126,0.005070148542526487,2026-07,MC,0.0,0.5,0.5,0.5
GOURLONG | GUELENDENG 2 | GUELENDENG,0.003608666310613006,0.010278760671055058,2026-06,MKE,0.0,0.0,1.0,1.0
MIDJOUE | GUELENDENG 3 | GUELENDENG,0.003597603981602657,0.005968870882099917,2026-06,MKE,0.2,0.2,0.0,0.0
MAIMOU | BEMOULI | BALIMBA,0.0035885326056609873,0.005906055902394288,2026-07,MC,0.3333333333333333,0.0,0.0,0.5
NGONBA | NGONBA DJANGA | 9E ARRONDISSEMENT,0.003580418854465628,0.019861007778046186,2026-05,NDJ,0.5,0.5,0.5,0.5
MOUTOUMBIM | BAMBARA | DANAMADJI,0.0035787411574637637,0.005088630943694877,2026-07,MC,0.0,0.0,0.0,0.0
MABAYE | GAMBAROU | MANDELIA,0.0035739920995666655,0.005851101481787808,2026-08,CB,0.0,0.6666666666666666,0.0,0.3333333333333333
DOKOU | KOKAGA | SARH,0.0035720137296455646,0.005631398762052227,2026-07,MC,0.0,0.0,0.0,0.0
DOGUIGUI | KOKAGA | SARH,0.0035720137296455646,0.005631398762052227,2026-07,MC,0.0,1.0,1.0,1.0
BOUDANASSA LAMBE | GUELENDENG 3 | GUELENDENG,0.003571583771977546,0.005968870882099917,2026-06,MKE,0.25,0.0,0.0,0.25
WITI-WITI CENTRE | SANANG | GUELENDENG,0.0035715212712986518,0.005500019989164589,2026-07,MKE,0.0,1.0,0.0,0.0
JERUSALEM | BANDA | SARH,0.003549720549930581,0.00552349551163913,2026-07,MC,0.3333333333333333,0.0,0.6666666666666666,0.6666666666666666
KIDJIMINA 1 | KALME | BERE,0.003544895957895498,0.005985139349082161,2026-07,Tandjile,0.6666666666666666,0.6666666666666666,0.3333333333333333,0.3333333333333333
MBAYAM | TCHAOUEN | BENOYE,0.003539859367242937,0.005863210069964061,2026-07,LOC,0.0,1.0,0.0,0.0
VABOLO | HAM | BONGOR,0.0035394893244988074,0.005088630943694877,2026-07,MKE,0.0,1.0,0.0,0.0
MANGARA 1 | BEMOULI | BALIMBA,0.003531198779215228,0.005906055902394288,2026-07,MC,0.3333333333333333,0.3333333333333333,0.6666666666666666,0.6666666666666666
KORMATA | BOGOMORO | BAILLI,0.003525881239387175,0.005468044312689816,2026-07,CB,0.0,0.5,0.0,0.0
MAIROM | KOKAGA | SARH,0.0035252876977649983,0.005798439464615703,2026-07,MC,0.0,0.0,0.0,0.0
KIDJIMINA 2 | KALME | BERE,0.003498465948067813,0.005985139349082161,2026-07,Tandjile,0.3333333333333333,0.5,0.5,0.5
ABACHERE | ONOKO | MASSENYA,0.003493021381354868,0.005468044312689816,2026-07,CB,0.0,1.0,0.0,0.0
KIRA | MANDA | BALIMBA,0.0034913952283762745,0.005631398762052227,2026-07,MC,0.0,0.0,0.0,0.0
YAMLHOKA 4 | YAMLHOKA | FIANGA,0.003490047725816251,0.005943306923851272,2026-08,MKE,0.0,0.6666666666666666,0.3333333333333333,0.3333333333333333
KARA | TAMIO | BERE,0.003476930264597939,0.005985139349082161,2026-07,Tandjile,0.0,0.0,0.0,0.0
DJENGDRA 1 | TAMIO | BERE,0.0034589213658817327,0.005899834328804947,2026-07,Tandjile,0.0,0.5,0.0,0.0
NGONBA | WALIA EST | 9E ARRONDISSEMENT,0.003446765953558147,0.005985139349082161,2026-07,NDJ,0.3333333333333333,0.6666666666666666,0.3333333333333333,0.3333333333333333
RENI | RENI | BEDAYA,0.0034432645862696545,0.0054004214868389145,2026-07,MDL,0.0,1.0,0.0,0.0
BEMADJIRODJO | KEMATA | SARH,0.003438080946713474,0.004652651090802982,2026-07,MC,0.0,0.0,0.0,0.0
DAMBE-KOPHALAM | TAMIO | BERE,0.0034372204737020684,0.005899834328804947,2026-07,Tandjile,0.0,0.14285714285714285,0.0,0.0
DIBASSIA | KOKAGA | SARH,0.003433432442304216,0.005675906492016668,2026-07,MC,0.0,1.0,0.0,0.0
TOULO | GABRI-NGOLO | LAI,0.0034242456613797424,0.005985139349082161,2026-07,Tandjile,0.2857142857142857,0.5714285714285714,0.14285714285714285,0.42857142857142855
WALY | AMDJOUDOUL | AM TIMAN,0.0034175731659683885,0.004487804111398863,2026-07,SLM,1.0,1.0,0.0,1.0
TCHAKOBDRA 2 | TAMIO | BERE,0.0034175731659683885,0.004487804111398863,2026-07,Tandjile,0.0,1.0,1.0,1.0
NDOUBAMANIE | LAI | LAI,0.003412216249467003,0.005677166142057316,2026-07,Tandjile,0.0,0.0,0.0,0.0
MANGUEIGNE | MANGUEIGNE | HARAZE,0.0034064135596363256,0.005154435964261848,2026-07,SLM,0.0,1.0,0.5,0.5
MOLORI 2 | BANDA | SARH,0.003384075693471516,0.005309900235387118,2026-07,MC,0.0,0.0,0.8571428571428571,0.8571428571428571
ZIGUI MARBA | ZIGUI MARBA | KOYOM,0.0033812366885987238,0.005836922103526249,2026-07,MKE,1.0,1.0,1.0,1.0
MASSEDE | BOUROU EVANGELIQUE | BEBALEM,0.0033778448130646695,0.004678745844278677,2026-07,LOC,0.0,0.8,0.0,0.0
DANAMADJI | NANGUIGOTO | GUELENDENG,0.003374841531899785,0.0055123761319575745,2026-07,MKE,0.0,1.0,0.5,0.5
KOUNDOUL 2 | KOUNDOUL | MANDELIA,0.003364098598744996,0.0061445202180532635,2026-08,CB,0.16666666666666666,0.3333333333333333,0.16666666666666666,0.3333333333333333
MAYAMI | BAMBARA | DANAMADJI,0.003348870662090969,0.004891769295919465,2026-07,MC,0.0,1.0,0.0,1.0
SAWATA | GUELENDENG 1 | GUELENDENG,0.003347898577273522,0.005820907815950534,2026-06,MKE,0.0,0.0,0.5,0.5
BADARA | BADARA | SARH,0.0033447103456317635,0.00504436862662254,2026-07,MC,0.0,0.6666666666666666,0.0,0.0
TAGBIAN | LAI | LAI,0.0033386577300012015,0.005677166142057316,2026-07,Tandjile,0.3333333333333333,0.6666666666666666,0.3333333333333333,0.3333333333333333
SAWA CENTRE | TCHAOUEN | BENOYE,0.003332747209109022,0.004487804111398863,2026-07,LOC,0.0,1.0,0.0,0.0
ZAWIA | EREF | MANGALME,0.0033325794153475177,0.005097266638985143,2026-07,Guera,0.3333333333333333,1.0,0.0,0.0
MBARLET | MBARLET | KOUNO,0.0033219557231087184,0.004423804441825516,2026-07,CB,0.0,1.0,0.0,0.0
MAKAYAM | AL-AFIA | MOULKOU,0.0032963842234999575,0.006185993730441263,2026-06,MKE,0.0,0.0,0.0,1.0
GABA | MBARANGA | BOUSSO,0.0032937363783281273,0.004923840166971908,2026-07,CB,0.6,0.4,0.4,0.4
MAYO 1 | MANDA | BALIMBA,0.003281350186875131,0.004648854058188571,2026-07,MC,0.0,0.0,0.0,0.0
DOBA 2 | BEMOULI | BALIMBA,0.0032711831331079136,0.0052964420702903674,2026-07,MC,0.0,0.5,0.0,0.0
NOMBOH | MAYO | BEDAYA,0.0032711831331079136,0.0052964420702903674,2026-07,MDL,1.0,1.0,0.5,0.5
TCHIBIANG | BIANG | KOLON,0.003265488404028757,0.009664595617882615,2026-08,Tandjile,0.0,1.0,1.0,1.0
MBALET | GABRI-NGOLO | LAI,0.003265371694712849,0.00557805771169771,2026-07,Tandjile,0.0,1.0,0.0,0.0
KOUMABOMBO | BADARA | SARH,0.003262504940941064,0.004873998412516849,2026-07,MC,0.5,0.5,0.5,0.5
BOUDOUGOUR | MOULKOU | MOULKOU,0.0032431308230358286,0.00593831556495862,2026-06,MKE,0.0,1.0,0.0,0.0
MAPLING | AL-AFIA | MOULKOU,0.0032419877553901823,0.005964006317047009,2026-06,MKE,0.0,1.0,0.0,0.0
MOULKOU | MOULKOU | MOULKOU,0.0032341644114073365,0.00593831556495862,2026-06,MKE,0.0,1.0,1.0,1.0
KOUTOUNGOLO | ONOKO | MASSENYA,0.0032301043514118316,0.005382876510341436,2026-06,CB,0.0,0.0,0.0,0.0
BOLOKIRENGUE | MASSA KABA | KYABE,0.003215370107125944,0.00483303516140623,2026-07,MC,0.5,1.0,0.0,0.0
MAGARA 2 | ABBA LIMANE | GUELENDENG,0.0032089243283587323,0.00569861744906027,2026-07,MKE,0.0,0.0,0.0,1.0
MBENGUE-YEMI | TAMIO | BERE,0.0031941871102257988,0.006342033308646147,2026-08,Tandjile,0.0,0.0,0.0,0.0
PAH-KA 1 | TAMIO | BERE,0.0031941871102257988,0.006342033308646147,2026-08,Tandjile,0.25,0.0,0.0,0.25
ONOKO COTON TCHAD | ONOKO | MASSENYA,0.0031877057518879034,0.005603647124731966,2026-05,CB,0.0,0.0,1.0,1.0
ABONO MOUSSA | ABBA LIMANE | GUELENDENG,0.0031804265287117095,0.005417331144729705,2026-07,MKE,0.0,1.0,0.0,1.0
DJOMDJIRELY | BERE | GUELENDENG,0.0031804265287117095,0.005417331144729705,2026-07,MKE,0.0,1.0,1.0,1.0
BOUMBAYE 2 | TCHAOUEN | BENOYE,0.0031804265287117095,0.005417331144729705,2026-07,LOC,1.0,0.0,1.0,1.0
DJOUMANE | DJOUMANE | BONGOR,0.00317884259219626,0.004680114402694227,2026-07,MKE,0.6666666666666666,0.3333333333333333,0.3333333333333333,1.0
SAMEM | MOURAI SARA | BAILLI,0.003177087363290542,0.004660827610576937,2026-07,CB,0.0,0.4,0.2,0.2
MARAKOUYA 2 | MARABE | KYABE,0.0031615505846075906,0.00483303516140623,2026-07,MC,0.5,0.5,0.0,0.0
MBEGUE-LEMA | TAMIO | BERE,0.0031561268191712924,0.005592534904095028,2026-07,Tandjile,0.0,1.0,0.5,0.5
DALOUNA | KALME | BERE,0.003137874743925604,0.006433690653442325,2026-08,Tandjile,0.6666666666666666,0.0,0.3333333333333333,0.3333333333333333
DIGANGALI | NANGUIGOTO | GUELENDENG,0.003135682565681004,0.00454478246985852,2026-07,MKE,0.5,0.75,0.25,0.25
MANDJALA | BAILLI 1 | BAILLI,0.0031221403887089203,0.00643024738198612,2026-06,CB,0.0,0.5,0.0,0.0
AMBASSA 2 | GRINGA | KOLON,0.003115209437745853,0.005943306923851272,2026-08,Tandjile,0.0,0.3333333333333333,0.0,0.3333333333333333
DANGABO | BOUGOUMENE | MANDELIA,0.0030989058929235323,0.005248477028483559,2026-06,CB,0.0,0.5,0.5,0.5
AVOURQUI | MOGROM | GUELENDENG,0.0030989058929235323,0.005248477028483559,2026-06,MKE,0.0,0.0,0.0,0.0
MOGROM BIAO | MOGROM | GUELENDENG,0.0030989058929235323,0.005248477028483559,2026-06,MKE,0.0,0.0,0.0,0.0
ODMELIE | ONOKO | MASSENYA,0.003098399057650057,0.005382876510341436,2026-06,CB,0.0,1.0,0.0,0.0
MAILAO | MAILAO | MANDELIA,0.003094390134425261,0.005365247797304118,2026-08,CB,0.8333333333333334,0.16666666666666666,0.16666666666666666,0.6666666666666666
MITCHER | MBARANGA | BOUSSO,0.0030929111656852817,0.004513329333332564,2026-07,CB,0.0,0.5,0.0,0.0
CONGO SARA | MAIBO | SARH,0.0030854888009709397,0.005095645464185013,2026-07,MC,0.5,0.5,0.5,0.5
BIANG | BIANG | KOLON,0.0030846666009750356,0.0064332154610015615,2026-08,Tandjile,0.0,1.0,0.0,1.0
DOBA | DOBA | DOBA,0.00308177280500921,0.004354423512778372,2026-07,LOGONE ORIENTAL,0.0,0.0,0.0,1.0
MEDE 2 | MEDE | MANDELIA,0.003066143189687816,0.0052695963424481875,2026-08,CB,0.0,0.6666666666666666,0.3333333333333333,0.3333333333333333
TABA 1 | LAI | LAI,0.003063186635876066,0.005883378138051267,2026-08,Tandjile,0.3333333333333333,0.6666666666666666,0.3333333333333333,0.3333333333333333
AMIYOUM | ONOKO | MASSENYA,0.0030486185359354253,0.005225493029584112,2026-06,CB,0.0,0.0,0.0,0.0
MBARANGA | MBARANGA | BOUSSO,0.003043669708033154,0.005393059926770644,2026-07,CB,0.0,1.0,0.0,0.0
BANI | BENDELE | BERE,0.003043669708033154,0.005393059926770644,2026-07,Tandjile,1.0,1.0,1.0,1.0
DOUGOUM DOUGOUM | SAYA | BAILLI,0.003043669708033154,0.005393059926770644,2026-07,CB,0.0,1.0,0.0,0.0
BOUGOUMARI | BOUGOURMARI | MASSENYA,0.003039414201512134,0.005287792528763928,2026-06,CB,0.0,1.0,0.5,0.5
LOUMIA CENTRE | LOUMIA | MANDELIA,0.003037250874146446,0.004668291417263623,2026-07,CB,0.0,0.5,0.0,0.0
DAMAKARA MARBA | BOGOMORO | BAILLI,0.0030267175196817034,0.004652082361483645,2026-07,CB,0.0,0.6,0.0,0.2
BODOGOL 1 | BODOGOL | GAM,0.003021688944737096,0.004583380599448848,2026-07,MKE,0.0,1.0,0.0,0.0
NGARA PADJA ORBE (GOULAYE) | BAILLI 2 | BAILLI,0.0030145440432360823,0.004923535706088552,2026-06,CB,0.0,1.0,0.0,0.0
BISDANDI | BOUGAIRE | BONGOR,0.0030145440432360823,0.004923535706088552,2026-06,MKE,0.0,1.0,0.0,0.0
YAMLHOKA1 | YAMLHOKA | FIANGA,0.0030145440432360823,0.004923535706088552,2026-06,MKE,0.0,0.0,1.0,1.0
NGUIRIRI 1 | BAMBARA | DANAMADJI,0.0030100736549373455,0.005237635823607532,2026-07,MC,0.0,1.0,0.0,0.0
DABGUE NGOLO1 | NERGUE GOUDJOUBA | BERE,0.0030100736549373455,0.005237635823607532,2026-07,Tandjile,0.0,1.0,1.0,1.0
MOLORI 1 | BANDA | SARH,0.0030100736549373455,0.005237635823607532,2026-07,MC,0.0,0.0,1.0,1.0
GUESSA DILIMDI 2 | TAMIO | BERE,0.0030100736549373455,0.005237635823607532,2026-07,Tandjile,0.0,1.0,0.0,0.0
GASSAOU/NDJOUROU | KIAO | BOUSSO,0.0030100736549373455,0.005237635823607532,2026-07,CB,0.0,1.0,0.0,0.0
MANDJOUNGA | MAYO 1 | BIOBE,0.0030100736549373455,0.005237635823607532,2026-07,MC,0.0,0.0,1.0,1.0
DJOUN | LAI | LAI,0.0030100736549373455,0.005237635823607532,2026-07,Tandjile,0.0,1.0,0.0,0.0
BOUDANASSA BAO | GUELENDENG 3 | GUELENDENG,0.0030041989066138253,0.004906662285993649,2026-06,MKE,0.0,1.0,1.0,1.0
BOUNDJOUL | ONOKO | MASSENYA,0.0030041989066138253,0.004906662285993649,2026-06,CB,0.0,1.0,0.0,0.0
NDJAHA 1 | MARABE | KYABE,0.0030041989066138253,0.004906662285993649,2026-06,MC,0.0,1.0,0.0,0.0
DIGANALI | NANGUIGOTO | GUELENDENG,0.0030021847183472825,0.004652082361483645,2026-07,MKE,0.0,0.0,0.0,0.0
ROLTANG | MOURAI SARA | BAILLI,0.002996884203352344,0.004524909630591126,2026-07,CB,0.5,0.5,0.0,0.0
AMBASS TELI | GRINGA | KOLON,0.0029777518469125777,0.0053251329809767154,2026-08,Tandjile,0.0,0.0,0.0,1.0
SILIA | SILIA | GAM,0.0029771826698346336,0.005128425196379095,2026-06,MKE,0.0,1.0,0.0,1.0
BOYE | KELENGUE | BAILLI,0.0029751909715388936,0.004652082361483645,2026-07,CB,0.0,0.3333333333333333,0.3333333333333333,0.3333333333333333
KELENGUE | KELENGUE | BAILLI,0.0029751909715388936,0.004652082361483645,2026-07,CB,0.25,0.0,0.0,0.25
BERE VILLE | BERE | GUELENDENG,0.002951262460471324,0.0043850654798750265,2026-07,MKE,0.6,0.2,0.0,0.0
DIGUINI | NANGUIGOTO | GUELENDENG,0.002951262460471324,0.0043850654798750265,2026-07,MKE,0.2,0.2,0.0,0.2
LOBOBO | BERE | GUELENDENG,0.002951262460471324,0.0043850654798750265,2026-07,MKE,0.2,0.6,0.2,0.6
DONANGRA | KIAGOR | BEBALEM,0.002947720756569947,0.0076147684284162106,2026-08,LOC,0.0,1.0,0.0,1.0
BRAGOTO 1 | BANDA | SARH,0.0029469357759582975,0.004493994151727604,2026-07,MC,0.0,0.0,0.0,0.0
MAIBA | BADARA | SARH,0.0029440234595927094,0.004916373611094118,2026-07,MC,1.0,1.0,1.0,1.0
DOYABA | KEMDERE | SARH,0.0029356646926661776,0.0048985137848095274,2026-07,MC,0.5,0.0,0.5,0.5
RENI | BALMANI | BEDAYA,0.0029299796046236178,0.00456304905639547,2026-07,MDL,0.0,0.0,0.0,0.0
DJANGTA MARBA | BAILLI 1 | BAILLI,0.0029264192914428768,0.004524909630591126,2026-07,CB,0.5,0.5,0.5,0.5
SAYA 1 | SAYA | BAILLI,0.002925314833656581,0.00435217907423351,2026-07,CB,0.0,1.0,0.0,1.0
SOUMRAYE | LAI | LAI,0.002924960251789437,0.007968700833887194,2026-08,Tandjile,1.0,0.0,0.0,1.0
LOUTOU | DIAO | GUELENDENG,0.0029211485891405126,0.004582959294229606,2026-07,MKE,0.0,1.0,1.0,1.0
GOUSSOU | MITAU | GUELENDENG,0.0029139380103514714,0.00484733299043508,2026-06,MKE,0.0,0.0,1.0,1.0
TOGO-TOGO | SANANG | GUELENDENG,0.0029089823903626073,0.005136025629473171,2026-06,MKE,0.0,0.0,0.0,0.0
GOREE | MOGROM | GUELENDENG,0.00290635219337766,0.005248477028483559,2026-06,MKE,0.0,0.0,0.0,0.0
BOUGOUMARI | ONOKO | MASSENYA,0.002903769223887546,0.004877731441175576,2026-06,CB,0.0,0.0,0.0,0.0
YAMLHOKA 2 | YAMLHOKA | FIANGA,0.0028958337995444055,0.005255194181529659,2026-06,MKE,0.0,1.0,0.0,0.0
MAIMARA | MAIMANA | DANAMADJI,0.0028958337995444055,0.005255194181529659,2026-06,MC,0.0,1.0,0.0,1.0
NGAMDI | YAMLHOKA | FIANGA,0.0028958337995444055,0.005255194181529659,2026-06,MKE,0.0,1.0,0.0,0.0
BIDIWINE | SANANG | GUELENDENG,0.0028958337995444055,0.005255194181529659,2026-06,MKE,1.0,0.0,1.0,1.0
TANDO | BALIMBA | BALIMBA,0.0028932383162739166,0.004595012675590983,2026-07,MC,0.0,1.0,0.0,0.0
MEDEGUE MOUSGOUM | GUELENDENG 1 | GUELENDENG,0.002892551401971155,0.00764717326761721,2026-06,MKE,0.0,1.0,0.0,0.0
ETENA 1 | KOUNDOUL | MANDELIA,0.0028905326418312786,0.00542311081852131,2026-08,CB,0.0,0.0,0.0,0.5
AMBASS TCHINDA 1 | GRINGA | KOLON,0.002887594816056265,0.005019679646351675,2026-08,Tandjile,1.0,0.0,0.0,1.0
MOURAYE | BOUGOUMENE DOURBALI | DOURBALI,0.002876223178523612,0.004420828491460265,2026-07,CB,0.0,1.0,0.0,0.0
MADEDE | MBARLET | KOUNO,0.002876223178523612,0.004420828491460265,2026-07,CB,0.5,0.0,0.5,0.5
DJOBARZOU | GRINGA | KOLON,0.0028757497310642993,0.004979545037017184,2026-08,Tandjile,0.0,0.0,0.0,0.0
MOULFONG 1 | GUELENDENG 2 | GUELENDENG,0.0028697421839361937,0.005012116816267858,2026-06,MKE,0.0,1.0,1.0,1.0
GER | KOUNO | KOUNO,0.002868010471260809,0.004505389882345,2026-07,CB,0.5,0.5,0.5,0.5
BOGOUROUM | BOUGOURMARI | MASSENYA,0.0028663999432566984,0.00484733299043508,2026-06,CB,0.0,1.0,0.0,0.0
MASDJORE CARCANDJI | DARADJA | BAILLI,0.0028663999432566984,0.00484733299043508,2026-06,CB,0.0,1.0,1.0,1.0
BEMEUDE | TAMIO | BERE,0.0028591845743921452,0.005838688511957242,2026-08,Tandjile,0.0,0.0,0.0,0.0
GOROGORO | BADARA | SARH,0.0028573743548399922,0.004429906600049707,2026-07,MC,0.0,0.0,0.0,0.0
MOGROM | MOGROM | GUELENDENG,0.002853722812640583,0.006428638008560533,2026-05,MKE,0.0,1.0,0.0,0.0
MANDELIA | MANDELIA | MANDELIA,0.0028535893649405714,0.004778757187739283,2026-08,CB,0.0,1.0,0.0,0.0
TOUGOUN3 | DJOUMANE | KOYOM,0.0028390142408528697,0.006015301434527046,2026-07,MKE,0.0,1.0,0.0,0.0
KOLEMARA BORD | BOUGOUMENE | MANDELIA,0.0028287986314727517,0.005049351957422302,2026-08,CB,0.0,0.5,0.5,0.5
BOUGOUMENE | BOUGOUMENE | MANDELIA,0.0028287986314727517,0.005049351957422302,2026-08,CB,0.0,0.0,0.0,0.5
MAIBESSE | MANDA | BALIMBA,0.0028284697840425615,0.004595012675590983,2026-07,MC,1.0,0.0,0.0,1.0
TOUDJON 1 | TAMIO | BERE,0.002827909500819273,0.004609144048188037,2026-07,Tandjile,0.0,1.0,1.0,1.0
BIDAKARA | BOUROU EVANGELIQUE | BENOYE,0.0028240396855748833,0.0044600289549965805,2026-07,LOC,0.0,1.0,0.0,0.0
LAKI | GUELENDENG 2 | GUELENDENG,0.002823571739303197,0.004832049732804161,2026-06,MKE,0.0,0.0,0.0,0.0
BOUDANASSA MASSA | BERE | GUELENDENG,0.002823571739303197,0.004832049732804161,2026-06,MKE,0.0,0.0,0.0,0.0
BOUDANASSA SARA | GUELENDENG 3 | GUELENDENG,0.002823571739303197,0.004832049732804161,2026-06,MKE,0.0,0.0,0.0,0.0
DJOURDANE | SANANG | GUELENDENG,0.002823571739303197,0.004832049732804161,2026-06,MKE,0.0,1.0,0.0,0.0
MAGARA 1 | ABBA LIMANE | GUELENDENG,0.002823032513599633,0.004711338129804489,2026-06,MKE,0.0,0.0,1.0,1.0
TCHADAM | KALME | BERE,0.0028084209181356216,0.0057974971306304236,2026-08,Tandjile,1.0,0.0,1.0,1.0
KARKAGNE | IDBO | MANGALME,0.0028046796285369244,0.004291172912024433,2026-07,Guera,0.0,0.0,0.0,0.0
BOUNGOLTI | MBARANGA | BOUSSO,0.002803001790031543,0.004439983508745552,2026-07,CB,0.5,0.5,0.5,0.5
LOUKOU HISSEINI | BOUGOUMENE DOURBALI | DOURBALI,0.0027982068984589866,0.004877731441175576,2026-06,CB,0.0,1.0,0.0,0.0
LOUKOUHISSEINI | BOUGOUMENE DOURBALI | DOURBALI,0.0027982068984589866,0.004877731441175576,2026-06,CB,0.0,0.0,0.0,0.0
KOYOM | KOYOM | BONGOR,0.0027914294827038975,0.004693821322890377,2026-08,MKE,0.0,0.0,0.0,0.0
GAMBA | MAILAO | MANDELIA,0.00278684168582577,0.0065432709544347035,2026-07,CB,0.0,1.0,0.0,0.0
MAGAO 1 | MAGAO | BILIAM-OURSI,0.0027764772168749237,0.0056304834209637425,2026-08,MKE,0.0,1.0,0.0,0.0
GARDOLET | ORDRE DE MALTE | 9E ARRONDISSEMENT,0.0027764772168749237,0.0056304834209637425,2026-08,NDJ,0.0,1.0,0.0,0.0
AVRAYA | ABBA LIMANE | GUELENDENG,0.0027764772168749237,0.0056304834209637425,2026-08,MKE,1.0,1.0,1.0,1.0
NGABGOTO | KEMATA | SARH,0.0027764772168749237,0.0056304834209637425,2026-08,MC,0.0,1.0,0.0,0.0
BAINGARA | MBARANGA | BOUSSO,0.0027756982391064842,0.005119863466399722,2026-08,CB,1.0,1.0,1.0,1.0
BRAWANDJI 2 | MOGROM | GUELENDENG,0.0027715984619126714,0.005290022598632142,2026-08,MKE,0.0,0.0,0.0,0.3333333333333333
MOURAYE | ONOKO | MASSENYA,0.0027688819762956424,0.004746649208166117,2026-06,CB,0.0,0.0,0.0,0.0
DANDAR | BOUGOUMENE | MANDELIA,0.0027639906576606174,0.0042222763546185295,2026-07,CB,0.0,0.5,0.0,0.5
TOMBALBAYE | BANDA QUARTIER | SARH,0.0027507332616513876,0.004368988602391086,2026-07,MC,0.0,0.0,1.0,1.0
BEDJO | BALIMBA | BALIMBA,0.0027507332616513876,0.004368988602391086,2026-07,MC,0.0,0.0,0.0,0.0
BEDOUMA 1 | BALIMBA | BALIMBA,0.0027507332616513876,0.004368988602391086,2026-07,MC,0.0,0.0,0.0,1.0
DJOUMAR | BOUGOURMARI | MASSENYA,0.0027502859243720666,0.005764806821021718,2026-08,CB,0.0,1.0,1.0,1.0
KEMKABA | MOUSSAFOYO | DANAMADJI,0.0027502859243720666,0.005764806821021718,2026-08,MC,0.0,1.0,0.0,0.0
GOUDI | KOLONG | FIANGA,0.0027502859243720666,0.005764806821021718,2026-08,MKE,0.0,1.0,0.0,0.0
KOBE | ADESCU | 9E ARRONDISSEMENT,0.002750268582361215,0.0043470512180539805,2026-07,NDJ,0.0,1.0,0.5,0.5
TRANGALA CENTRE | LOUMIA | MANDELIA,0.002746971218686943,0.004530252510217235,2026-06,CB,0.0,0.5,0.0,0.0
BELE | BIOBE | BIOBE,0.002745007124513466,0.0057119163048616065,2026-08,MC,0.0,1.0,0.0,0.0
NDILA | KEMDERE | SARH,0.002741563928368953,0.004877731441175576,2026-06,MC,0.0,1.0,0.0,0.0
AWINE GASSAR | KOUNDOUL | MANDELIA,0.002740536647906516,0.0040615196174927665,2026-07,CB,0.0,1.0,1.0,1.0
NGARGUE | BAILLI 1 | BAILLI,0.002740536647906516,0.0040615196174927665,2026-07,CB,1.0,0.0,1.0,1.0
GADIBANG MASSA | GUELENDENG 1 | GUELENDENG,0.002731614876942202,0.004711338129804489,2026-06,MKE,0.0,1.0,0.0,0.0
POTROCK | MOURSAL | BAILLI,0.0027307376303702187,0.0053251329809767154,2026-08,CB,1.0,0.0,1.0,1.0
GOLONGA | GRINGA | KOLON,0.0027307376303702187,0.0053251329809767154,2026-08,Tandjile,0.0,0.0,0.0,1.0
KARBOU | GRINGA | KOLON,0.0027307376303702187,0.0053251329809767154,2026-08,Tandjile,0.0,1.0,0.0,1.0
AMBASSA 3 | GRINGA | KOLON,0.0027307376303702187,0.0053251329809767154,2026-08,Tandjile,0.0,1.0,0.0,0.0
KABA SARA | DARADJA | BAILLI,0.0027302630393773505,0.004202707549737485,2026-07,CB,0.0,0.5,1.0,1.0
BOUSSO | BOUSSO | BOUSSO,0.0027131795893169867,0.004557024294344466,2026-04,CB,0.0,1.0,0.0,0.0
SAMINGUE | MOUSSAFOYO | DANAMADJI,0.0027131795893169867,0.004557024294344466,2026-04,MC,1.0,1.0,0.0,1.0
MELPONGO 1 | TAMIO | BERE,0.002712660232495258,0.0056304834209637425,2026-08,Tandjile,0.0,1.0,0.0,0.0
DOTOUMA | BOUROU EVANGELIQUE | BENOYE,0.0027050301944239216,0.00489008866277844,2026-07,LOC,0.3333333333333333,0.3333333333333333,0.6666666666666666,0.6666666666666666
ASTOCK | BAILLI 2 | BAILLI,0.0027028073605215603,0.004043990740209614,2026-07,CB,0.0,0.0,0.0,0.0
BAILLI 2 | BAILLI 2 | BAILLI,0.0027028073605215603,0.004043990740209614,2026-07,CB,0.0,0.0,0.0,0.0
WALIA KORBOL | KORBOL | KORBOL,0.0027028073605215603,0.004043990740209614,2026-07,MC,0.0,1.0,1.0,1.0
BEMADJIAMRA | BAILLI 1 | BAILLI,0.0027028073605215603,0.004043990740209614,2026-07,CB,0.0,0.0,0.0,0.0
DJANGTA SARA | BAILLI 1 | BAILLI,0.0027028073605215603,0.004043990740209614,2026-07,CB,0.0,0.0,0.0,0.0
GOULMOUNE - AFFATA | MAGAO | MOULKOU,0.0027028073605215603,0.004043990740209614,2026-07,MKE,0.0,1.0,0.0,0.0
DJANTA SARA | BAILLI 1 | BAILLI,0.0027028073605215603,0.004043990740209614,2026-07,CB,1.0,0.0,0.0,0.0
DORNOYON | MANDA | BALIMBA,0.002689149650573477,0.004368988602391086,2026-07,MC,0.0,0.0,0.0,0.0
KEMBIDE | MANDA | BALIMBA,0.0026815720281690657,0.004353108575611554,2026-07,MC,0.0,0.0,0.0,0.0
BESME | BESME | KOLON,0.0026754877992509643,0.005492192315311982,2026-08,Tandjile,1.0,1.0,1.0,1.0
MITAU | BERE | GUELENDENG,0.002661677186772195,0.004326096197732136,2026-06,MKE,0.0,0.0,1.0,1.0
NARA NGARDAMARI | KIAO | BOUSSO,0.002652193002861808,0.003901804058390794,2026-07,CB,0.0,0.0,0.0,0.0
MAITAMAN | BEMOULI | BALIMBA,0.002649420180615093,0.003926619623898813,2026-07,MC,0.0,1.0,0.0,0.0
TCHENDJOU | MAILAO | MANDELIA,0.002649420180615093,0.003926619623898813,2026-07,CB,0.0,1.0,0.0,0.0
REPOS | KOUNDOUL | MANDELIA,0.002649420180615093,0.003926619623898813,2026-07,CB,0.0,1.0,0.0,1.0
GARDOLET | BEGOU | SARH,0.002647898473820095,0.004711338129804489,2026-06,MC,0.0,1.0,1.0,1.0
GADABAN | GUELENDENG 1 | GUELENDENG,0.002647898473820095,0.004711338129804489,2026-06,MKE,1.0,0.0,0.0,0.0
BOGOUROUM | ONOKO | MASSENYA,0.002647898473820095,0.004711338129804489,2026-06,CB,0.0,0.0,0.0,0.0
KAKALE BAGUIRMI | GUELENDENG 3 | GUELENDENG,0.0026474315030057794,0.004150999780125782,2026-07,MKE,0.0,1.0,0.0,0.0
GOULAKA | MBARANGA | BOUSSO,0.0026417648201463102,0.003968054803220091,2026-07,CB,0.0,0.0,0.0,0.0
BATIMERA | MASSAMBAGNE | HARAZE,0.0026417648201463102,0.003968054803220091,2026-07,SLM,0.0,1.0,0.0,0.0
SAHABA-MANGUIDA | KYA-NDOPTO | HARAZE,0.0026417648201463102,0.003968054803220091,2026-07,SLM,0.0,1.0,0.0,0.0
NDJAMENA FARRAH | MBARANGA | BOUSSO,0.0026417648201463102,0.003968054803220091,2026-07,CB,0.0,0.0,0.0,0.0
DOLE TOUMACK | MBARANGA | BOUSSO,0.0026417648201463102,0.003968054803220091,2026-07,CB,0.0,0.0,0.0,0.0
BILET | MILTOU | KOUNO,0.0026417648201463102,0.003968054803220091,2026-07,CB,0.0,0.0,0.0,0.0
MODKOURO | MOGO | BOUSSO,0.002629076376505972,0.004043990740209614,2026-07,CB,0.0,0.0,0.0,0.0
MODTOT | MOGO | BOUSSO,0.002629076376505972,0.004043990740209614,2026-07,CB,0.0,0.0,0.0,1.0
DIAMRA | BAILLI 2 | BAILLI,0.002629076376505972,0.004043990740209614,2026-07,CB,0.0,1.0,0.0,0.0
NGARGUE BAGUIRMI | BOUSSO | BOUSSO,0.002629076376505972,0.004043990740209614,2026-07,CB,0.0,0.0,0.0,0.0
NGAMONGO | MOURSAL | BAILLI,0.002629076376505972,0.004043990740209614,2026-07,CB,1.0,0.0,1.0,1.0
MOURSEY MASSA | MOGO | BOUSSO,0.002629076376505972,0.004043990740209614,2026-07,CB,0.0,0.0,0.0,0.0
KABA 4 | GON | BEKOUROU,0.002629076376505972,0.004043990740209614,2026-07,MDL,0.0,1.0,0.0,0.0
PARIS CONGO | MOGO | BOUSSO,0.002629076376505972,0.004043990740209614,2026-07,CB,0.0,0.0,0.0,0.0
NGONBETI | BAILLI 2 | BAILLI,0.002629076376505972,0.004043990740209614,2026-07,CB,1.0,1.0,1.0,1.0
MOUSKOUGOU 1 | LARGANA | GUELENDENG,0.0026256323120893116,0.004098021706050133,2026-07,MKE,0.0,0.5,0.0,0.0
NAHAINA 2 | NAHAINA | BONGOR,0.0026256323120893116,0.004098021706050133,2026-07,MKE,0.0,1.0,0.0,0.0
RAF CENTRE | RAF | MANDELIA,0.0026223240051675522,0.0041157838153891325,2026-07,CB,0.0,0.5,0.0,0.0
LAC TCHAD | BAILLI 2 | BAILLI,0.0026061937857614586,0.003909670668164324,2026-07,CB,0.0,0.0,0.0,0.0
DAHARA SAHARA | MBARANGA | BOUSSO,0.002601664171025415,0.0040615196174927665,2026-07,CB,0.0,0.0,0.0,0.0
DIRITI | BAILLI 2 | BAILLI,0.0026008423452375433,0.004194818262218462,2026-07,CB,0.0,1.0,0.5,0.5
NANGUIGOTO | NANGUIGOTO | GUELENDENG,0.0026008423452375433,0.004194818262218462,2026-07,MKE,1.0,0.0,0.5,1.0
BAINGANE BAGUIRMI | DARADJA | BAILLI,0.0026008423452375433,0.004194818262218462,2026-07,CB,0.5,0.0,0.0,0.0
BOUMOU | TALLADE-MIANRO | BENOYE,0.002585327860289086,0.004672993759997564,2026-07,LOC,1.0,0.0,0.0,1.0
GOMBA | LARGANA | GUELENDENG,0.0025783052134566403,0.004194818262218462,2026-07,MKE,0.5,0.0,0.5,0.5
MESKENE KIM | LOUMIA | MANDELIA,0.0025773620530348744,0.00453249903441872,2026-08,CB,1.0,0.0,0.0,1.0
HILLE WENDI | BOUGOUMENE | MANDELIA,0.0025773620530348744,0.00453249903441872,2026-08,CB,1.0,0.0,0.0,0.0
MOURDOUMTI 1 | LARBA | DOURBALI,0.0025773620530348744,0.00453249903441872,2026-08,CB,0.0,0.0,0.0,0.0
KOUTMOUSSOURI | BOUGOUMENE | MANDELIA,0.0025773620530348744,0.00453249903441872,2026-08,CB,0.0,0.0,0.0,0.0
DJAWIA | BOUGOUMENE DOURBALI | DOURBALI,0.0025773620530348744,0.00453249903441872,2026-08,CB,0.0,0.0,0.0,0.0
ABORY MBARMA | ABBA LIMANE | GUELENDENG,0.0025688768455722415,0.004194818262218462,2026-07,MKE,0.0,0.5,0.0,0.0
ECOLE DE POLICE | KOUNDOUL | MANDELIA,0.0025346452693355247,0.004441376876507371,2026-08,CB,0.0,0.0,1.0,1.0
BARMI | KOUTOUN | LAI,0.0025324660955575594,0.005492192315311982,2026-08,Tandjile,1.0,0.0,1.0,1.0
TARADONA | MATABONO | BOUSSO,0.002518549364504644,0.003901804058390794,2026-07,CB,0.0,0.0,0.0,1.0
ARKAOU | BONGOR | BONGOR,0.0025148762321390455,0.0039023293113545653,2026-07,MKE,0.0,0.0,0.0,1.0
BODOGOL | BODOGOL | BONGOR,0.002507142569700496,0.004050125477886169,2026-08,MKE,1.0,0.0,0.0,1.0
LARGANA | LARGANA | GUELENDENG,0.0024980193209274523,0.0037721887917715334,2026-07,MKE,1.0,1.0,0.0,0.0
GORE IBI | MBARLET | KOUNO,0.0024980193209274523,0.0037721887917715334,2026-07,CB,0.0,1.0,0.0,0.0
BANGLAMA MASSA | BOGOMORO | BAILLI,0.0024980193209274523,0.0037721887917715334,2026-07,CB,0.0,1.0,0.0,1.0
NIELLIM SAKER | NIELLIM | KORBOL,0.0024980193209274523,0.0037721887917715334,2026-07,MC,0.0,1.0,0.0,0.0
SANANG | SANANG | GUELENDENG,0.0024980193209274523,0.0037721887917715334,2026-07,MKE,0.0,1.0,0.0,0.0
BEMBAYA | BALIMBA | BALIMBA,0.0024914465780796727,0.0055391804549850265,2026-08,MC,0.0,1.0,0.0,0.0
MEDE 3 SARA | MEDE | MANDELIA,0.002479651106833443,0.004360911303519085,2026-08,CB,0.0,0.0,0.0,0.0
DAMATA 3 | RAF | MANDELIA,0.002479651106833443,0.004360911303519085,2026-08,CB,0.0,1.0,0.0,0.0
MAINDE | RAF | MANDELIA,0.002462963804085093,0.004251273977344489,2026-08,CB,1.0,0.0,0.0,0.0
RAF JARDIN | RAF | MANDELIA,0.002462963804085093,0.004251273977344489,2026-08,CB,0.0,0.0,0.0,0.0
DOTOUMA | BOUROU EVANGELIQUE | BEBALEM,0.00245362422744711,0.004475813454292492,2026-07,LOC,0.0,1.0,0.0,0.0
GUELKOURA | TCHAOUEN | BENOYE,0.002439046584252739,0.004273405277132195,2026-07,LOC,0.0,1.0,0.0,0.0
GUELSAOU 2 | TCHAOUEN | BENOYE,0.002439046584252739,0.004273405277132195,2026-07,LOC,0.0,1.0,0.0,0.0
DOGUIRING | TCHAOUEN | BENOYE,0.002439046584252739,0.004273405277132195,2026-07,LOC,0.0,0.0,0.0,0.0
GUELMAR | TCHAOUEN | BENOYE,0.002439046584252739,0.004273405277132195,2026-07,LOC,0.0,0.0,0.0,0.0
SAWA GOGO | TCHAOUEN | BENOYE,0.0024319917950640793,0.004257871182710312,2026-07,LOC,0.0,0.5,0.5,0.5
KAGA 1 | DANAMADJI EST | DANAMADJI,0.002431986127314243,0.0032462911947879914,2026-09,MC,0.0,1.0,1.0,1.0
GUESSA DILIMDI 3 | TAMIO | BERE,0.0023903373529024167,0.004062248280975515,2026-07,Tandjile,1.0,1.0,1.0,1.0
MANTA | BEDAYA | BEDAYA,0.0023903373529024167,0.004062248280975515,2026-07,MDL,0.0,1.0,0.0,0.0
SAKOBANDA 2 | MAIBO | SARH,0.002380986751834863,0.0037964537183129334,2026-04,MC,0.0,0.5,0.0,0.0
BAHAWALIASSOU | AL-AFIA | MOULKOU,0.002376599948809188,0.0037651046147976048,2026-07,MKE,0.0,1.0,0.0,0.0
TOUGOUN3 | DJOUMANE | BONGOR,0.002376599948809188,0.0037651046147976048,2026-07,MKE,0.0,1.0,0.0,0.0
MALLOUM-NOUKOU | BOUGOURMARI | MASSENYA,0.0023668176530230907,0.004130594100371382,2026-07,CB,0.0,1.0,0.0,0.0
LAKI | MOULKOU | MOULKOU,0.0023556472860261747,0.0037651046147976048,2026-07,MKE,0.0,1.0,0.0,0.0
DIDIKSOU | BESME-KOLONG | KOLON,0.002349965010225522,0.004525104545695276,2026-08,Tandjile,1.0,0.0,0.0,1.0
BAIGANE 2 | BOGOMORO | BAILLI,0.0023475540110215972,0.0037651046147976048,2026-07,CB,0.0,0.0,0.0,0.0
MADJIMARA MEKOUNTI | MOURSAL | BAILLI,0.0023218178308783994,0.004781840060688237,2026-07,CB,0.0,1.0,0.0,0.0
CAMP SARA BORD | GAMBAROU | MANDELIA,0.0023192839096228125,0.00453249903441872,2026-08,CB,0.0,0.0,0.0,0.0
OBONO MARMAYE | GAMBAROU | MANDELIA,0.0023192839096228125,0.00453249903441872,2026-08,CB,0.0,0.0,0.0,0.0
MASSEDE | BOUROU EVANGELIQUE | BENOYE,0.002316762728712085,0.0035488163296836465,2026-07,LOC,0.0,1.0,0.0,0.0
SOUKOUA | BERE | GUELENDENG,0.002316762728712085,0.0035488163296836465,2026-07,MKE,0.0,0.0,0.0,0.0
GOMGARA | BERE | GUELENDENG,0.002316762728712085,0.0035488163296836465,2026-07,MKE,0.0,1.0,0.0,0.0
MOSSIO MASSA | BOGOMORO | BAILLI,0.0022877167909244943,0.0035488163296836465,2026-07,CB,0.0,0.0,0.0,0.0
MALOUMRI BORNO | BOGOMORO | BAILLI,0.0022877167909244943,0.0035488163296836465,2026-07,CB,0.0,0.0,0.0,0.0
DOMBOLO ARABE | BOGOMORO | BAILLI,0.0022877167909244943,0.0035488163296836465,2026-07,CB,0.0,0.0,0.0,0.0
MALOUMRI SARA | MALOUMRI | BAILLI,0.0022877167909244943,0.0035488163296836465,2026-07,CB,0.0,1.0,0.0,0.0
TCHIKAGA | MALOUMRI | BAILLI,0.0022877167909244943,0.0035488163296836465,2026-07,CB,0.0,1.0,0.0,0.0
WOURO-BIRIDJI 1 | BOURAM | MASSENYA,0.0022540865118288182,0.0036574731532102193,2026-07,CB,0.0,0.0,0.0,0.0
MIGOU | MAGAO | BILIAM-OURSI,0.002243746203651107,0.003998428319195633,2026-08,MKE,1.0,1.0,1.0,1.0
AMSIGANE | AL-ARDEP | ABOUDEIA,0.002240006272638607,0.0043778307738562075,2026-08,SLM,0.0,1.0,0.0,0.0
BALIMBA 1 | BALIMBA | BALIMBA,0.002240006272638607,0.0043778307738562075,2026-08,MC,1.0,1.0,0.0,0.0
ABBA LIMANE BORNO | ABBA LIMANE | GUELENDENG,0.002240006272638607,0.0043778307738562075,2026-08,MKE,0.0,0.0,0.0,0.0
ADELEBAYE | KACH-KACHA | AM TIMAN,0.002240006272638607,0.0043778307738562075,2026-08,SLM,0.0,1.0,0.0,0.0
MALAM | MASSAMBAGNE | HARAZE,0.002240006272638607,0.0043778307738562075,2026-08,SLM,0.0,1.0,0.0,0.0
BENDJIDITE | BOURAM | MASSENYA,0.002188919359374893,0.0036574731532102193,2026-07,CB,0.0,0.0,0.0,0.0
MAICONGO | NADILI | MOISSALA,0.0021840109567280576,0.002929149704616469,2026-09,MDL,0.0,0.0,0.0,1.0
KOIGNE | MICHETIR | HARAZE,0.0021746870051397253,0.004664940619586263,2026-07,SLM,0.0,1.0,1.0,1.0
LADJA | BOURAM | MASSENYA,0.002167243578318543,0.003581243562988899,2026-07,CB,0.0,0.0,0.0,0.0
DOGORE | TOUKRA | 9E ARRONDISSEMENT,0.002156931964165352,0.003651417063103347,2026-08,NDJ,0.0,0.0,0.0,0.0
KOUNDOUL | KOUNDOUL | MANDELIA,0.002156931964165352,0.003651417063103347,2026-08,CB,1.0,1.0,0.0,1.0
MAILAOU | LAI | LAI,0.0021562972295817422,0.004788821954046408,2026-08,Tandjile,0.0,1.0,0.0,0.0
15 ANS | LAI | LAI,0.0021562972295817422,0.004788821954046408,2026-08,Tandjile,0.0,1.0,0.0,0.0
GREKAKA | BOUGOURMARI | MASSENYA,0.002138342213120897,0.004664940619586263,2026-07,CB,0.0,1.0,0.0,1.0
BEDOGO | BEDOGO | DOBA,0.0020985750010113005,0.0039393477574713905,2026-08,LOGONE ORIENTAL,0.0,1.0,0.0,0.0
DASSA | TOUKRA 2 | 9E ARRONDISSEMENT,0.0020129668472992695,0.003305226984319956,2026-07,NDJ,1.0,1.0,1.0,1.0
GABRI | KOUNDOUL | MANDELIA,0.0020129668472992695,0.003305226984319956,2026-07,CB,0.0,1.0,0.0,0.0
AMBATTA | AMBATTA | N'DJAMENA SUD,0.0020129668472992695,0.003305226984319956,2026-07,NDJ,0.0,0.0,1.0,1.0
KOBE | TOUKRA | 9E ARRONDISSEMENT,0.001953369636087308,0.003054809158203156,2026-07,NDJ,1.0,0.0,1.0,1.0
AMDJOUDOUL | AMDJOUDOUL | MOURAYE,0.0018308599066202335,0.005414288996659181,2026-08,SLM,0.0,1.0,0.0,1.0
DJARABE 2 | DOBA AEROPORT | DOBA,0.001824370495111767,0.002893334273592157,2026-06,LOGONE ORIENTAL,0.0,1.0,0.0,0.0
CHOUKARA | MOURAYE | MOURAYE,0.0017455314405412962,0.004023933111227583,2026-07,SLM,0.0,1.0,0.0,1.0
LANDJOUA | BAILLI 2 | BAILLI,0.0016799063534990017,0.003689123685808226,2026-07,CB,0.0,1.0,0.0,0.0
DJER | MANGUEIGNE | HARAZE,0.0016799063534990017,0.003689123685808226,2026-07,SLM,0.0,1.0,0.0,0.0
KEMATA | KEMATA | SARH,0.0016594319143566159,0.003705120096659683,2026-07,MC,0.0,1.0,0.0,0.0
TOUKOUROUM | GABRI-NGOLO | LAI,0.0016594319143566159,0.003705120096659683,2026-07,Tandjile,0.0,0.0,1.0,1.0
NGONBA | NGONBA MASSA | 9E ARRONDISSEMENT,0.0016213251590822472,0.0039037775322647256,2026-09,NDJ,0.0,1.0,0.0,0.0
HILE BABAKAR | SIHEP | AM TIMAN,0.0016006369799577136,0.003564379917398946,2026-07,SLM,0.0,0.0,0.0,1.0
WALIA | WALIA EST | 9E ARRONDISSEMENT,0.0015505455713852132,0.0027392996483183653,2026-10,NDJ,0.0,1.0,0.0,0.0
TOUKRA MOUSGOUM | WALIA EST | 9E ARRONDISSEMENT,0.001524394346927846,0.002366207531347406,2026-09,NDJ,0.0,1.0,0.0,0.0
ABENA | ABENA | N'DJAMENA SUD,0.001524394346927846,0.002366207531347406,2026-09,NDJ,0.0,1.0,0.0,1.0
WALIA BARRIERE | WALIA EST | 9E ARRONDISSEMENT,0.001524394346927846,0.002366207531347406,2026-09,NDJ,0.0,1.0,1.0,1.0
DASSA | TOUKRA | 9E ARRONDISSEMENT,0.001524394346927846,0.002366207531347406,2026-09,NDJ,0.0,1.0,0.0,0.0
NGONBA SARA | NGONBA MARBA | 9E ARRONDISSEMENT,0.001524394346927846,0.002366207531347406,2026-09,NDJ,0.0,1.0,0.0,0.0
CHAGOUA | CHAGOUA | N'DJAMENA SUD,0.0014961433461566445,0.0024015957771574945,2026-09,NDJ,0.0,1.0,0.0,1.0
WALIA GARDOLET | WALIA ORDRE DE MALTE | 9E ARRONDISSEMENT,0.0014961433461566445,0.0024015957771574945,2026-09,NDJ,0.0,0.0,1.0,1.0
